Index;track_name;artist(s)_name;released_year;released_month;released_day
1;Seven (feat. Latto) (Explicit Ver.);Latto, Jung Kook;2023;7;14
2;LALA;Myke Towers;2023;3;23
3;vampire;Olivia Rodrigo;2023;6;30
4;Cruel Summer;Taylor Swift;2019;8;23
5;WHERE SHE GOES;Bad Bunny;2023;5;18
6;Sprinter;Dave, Central Cee;2023;6;1
7;Ella Baila Sola;Eslabon Armado, Peso Pluma;2023;3;16
8;Columbia;Quevedo;2023;7;7
9;fukumean;Gunna;2023;5;15
10;La Bebe - Remix;Peso Pluma, Yng Lvcas;2023;3;17
11;un x100to;Bad Bunny, Grupo Frontera;2023;4;17
12;Super Shy;NewJeans;2023;7;7
13;Flowers;Miley Cyrus;2023;1;12
14;Daylight;David Kushner;2023;4;14
15;As It Was;Harry Styles;2022;3;31
16;Kill Bill;SZA;2022;12;8
17;Cupid - Twin Ver.;Fifty Fifty;2023;2;24
18;"What Was I Made For? [From The Motion Picture ""Barbie""]";Billie Eilish;2023;7;13
19;Classy 101;Feid, Young Miko;2023;3;31
20;Like Crazy;Jimin;2023;3;24
21;LADY GAGA;Gabito Ballesteros, Junior H, Peso Pluma;2023;6;22
22;I Can See You (Taylorï¿½ï¿½ï¿½s Version) (From The ;Taylor Swift;2023;7;7
23;I Wanna Be Yours;Arctic Monkeys;2013;1;1
24;Popular (with Playboi Carti & Madonna) - The Idol Vol. 1 (Music from the HBO Original Series);The Weeknd, Madonna, Playboi Carti;2023;6;2
25;SABOR FRESA;Fuerza Regida;2023;6;22
26;Calm Down (with Selena Gomez);Rï¿½ï¿½ma, Selena G;2022;3;25
27;MOJABI GHOST;Tainy, Bad Bunny;2023;6;29
28;Last Night;Morgan Wallen;2023;1;31
29;Dance The Night (From Barbie The Album);Dua Lipa;2023;5;25
30;Rush;Troye Sivan;2023;7;13
31;TULUM;Peso Pluma, Grupo Frontera;2023;6;28
32;Creepin';The Weeknd, 21 Savage, Metro Boomin;2022;12;2
33;Anti-Hero;Taylor Swift;2022;10;21
34;TQG;Karol G, Shakira;2023;2;23
35;Los del Espacio;Big One, Duki, Lit Killah, Maria Becerra, FMK, Rusherking, Emilia, Tiago pzk;2023;6;1
36;Frï¿½ï¿½gil (feat. Grupo Front;Yahritza Y Su Esencia, Grupo Frontera;2023;4;7
37;Blank Space;Taylor Swift;2014;1;1
38;Style;Taylor Swift;2014;1;1
39;TQM;Fuerza Regida;2023;5;19
40;El Azul;Junior H, Peso Pluma;2023;2;10
41;Sunflower - Spider-Man: Into the Spider-Verse;Post Malone, Swae Lee;2018;10;9
42;I'm Good (Blue);Bebe Rexha, David Guetta;2022;8;26
43;See You Again;Tyler, The Creator, Kali Uchis;2017;7;21
44;Barbie World (with Aqua) [From Barbie The Album];Nicki Minaj, Aqua, Ice Spice;2023;6;23
45;Angels Like You;Miley Cyrus;2020;11;27
46;I Ain't Worried;OneRepublic;2022;5;13
47;Die For You;The Weeknd;2016;11;24
48;Starboy;The Weeknd, Daft Punk;2016;9;21
49;Die For You - Remix;Ariana Grande, The Weeknd;2023;2;24
50;El Cielo;Feid, Myke Towers, Sky Rompiendo;2023;6;2
51;Baby Don't Hurt Me;David Guetta, Anne-Marie, Coi Leray;2023;4;6
52;AMARGURA;Karol G;2023;2;24
53;(It Goes Like) Nanana - Edit;Peggy Gou;2023;6;15
54;Another Love;Tom Odell;2012;10;15
55;Blinding Lights;The Weeknd;2019;11;29
56;Moonlight;Kali Uchis;2023;2;24
57;La Bachata;Manuel Turizo;2022;5;26
58;S91;Karol G;2023;7;14
59;cardigan;Taylor Swift;2020;7;24
60;Tï¿½ï¿;dennis, MC Kevin o Chris;2023;5;4
61;Boy's a liar Pt. 2;PinkPantheress, Ice Spice;2023;2;3
62;Left and Right (Feat. Jung Kook of BTS);Charlie Puth, BTS, Jung Kook;2022;6;24
63;BESO;Rauw Alejandro, ROSALï¿½;2023;3;24
64;Hey Mor;Ozuna, Feid;2022;10;6
65;Yellow;Chris Molitor;1999;1;1
66;Karma;Taylor Swift;2022;10;21
67;People;Libianca;2022;12;2
68;Overdrive;Post Malone;2023;7;14
69;Enchanted (Taylor's Version);Taylor Swift;2023;7;7
70;BABY HELLO;Rauw Alejandro, Bizarrap;2023;6;23
71;Heat Waves;Glass Animals;2020;6;28
72;golden hour;JVKE;2022;7;15
73;Sweater Weather;The Neighbourhood;2012;5;14
74;Viva La Vida;Coldplay;2008;1;1
75;Here With Me;d4vd;2022;7;17
76;Unholy (feat. Kim Petras);Sam Smith, Kim Petras;2022;9;22
77;Yandel 150;Yandel, Feid;2022;12;20
78;CORAZï¿½ï¿½N VA;Maria Becerra;2023;6;22
79;Riptide;Vance Joy;1975;1;1
80;Until I Found You (with Em Beihold) - Em Beihold Version;Em Beihold, Stephen Sanchez;2022;4;22
81;Novidade na ï¿½ï¿;Mc Livinho, DJ Matt D;2023;6;23
82;Back To December (Taylor's Version);Taylor Swift;2023;7;7
83;STAY (with Justin Bieber);Justin Bieber, The Kid Laroi;2021;7;9
84;El Merengue;Marshmello, Manuel Turizo;2023;3;3
85;Someone You Loved;Lewis Capaldi;2018;11;8
86;Me Porto Bonito;Chencho Corleone, Bad Bunny;2022;5;6
87;Makeba;Jain;2015;6;22
88;MONTAGEM - FR PUNK;Ayparia, unxbected;2012;6;20
89;Fast Car;Luke Combs;2023;3;24
90;What It Is (Solo Version);Doechii;2023;3;17
91;Coco Chanel;Bad Bunny, Eladio Carrion;2023;3;17
92;Donï¿½ï¿½ï¿½t Bl;Taylor Swift;2017;11;8
93;Still With You;Jung Kook;2020;6;5
94;All My Life (feat. J. Cole);J. Cole, Lil Durk;2023;5;12
95;Say Yes To Heaven;Lana Del Rey;2023;3;17
96;Snooze;SZA;2022;12;9
97;Summertime Sadness;Lana Del Rey;2011;1;1
98;Take Two;BTS;2023;6;9
99;Lover;Taylor Swift;2012;1;1
100;Too Many Nights (feat. Don Toliver & with Future);Future, Metro Boomin, Don Toliver;2022;12;2
101;Chemical;Post Malone;2023;4;14
102;Mockingbird;Eminem;2004;1;1
103;New Jeans;NewJeans;2023;7;7
104;Primera Cita;Carin Leon;2022;4;20
105;Cold Heart - PNAU Remix;Dua Lipa, Elton John, Pnau;2017;11;10
106;Dandelions;Ruth B.;2017;4;28
107;Bones;Imagine Dragons;2021;3;11
108;Set Fire to the Rain;Adele;2011;1;1
109;Money Trees;Kendrick Lamar, Jay Rock;2012;1;1
110;Tak Segampang Itu;Anggi Marito;2022;12;2
111;LAGUNAS;Jasiel Nuï¿½ï¿½ez, Peso P;2023;6;22
112;Mine (Taylor's Version);Taylor Swift;2023;7;7
113;Everybody Wants To Rule The World;Tears For Fears;1985;2;17
114;No Role Modelz;J. Cole;2014;12;9
115;Tattoo;Loreen;2023;2;25
116;Rara Vez;Taiu, Milo j;2023;2;8
117;VAGABUNDO;Sebastian Yatra, Manuel Turizo, Beï¿½ï;2023;5;12
118;august;Taylor Swift;2020;7;24
119;LUNA;Junior H, Peso Pluma;2023;6;22
120;Miracle (with Ellie Goulding);Calvin Harris, Ellie Goulding;2023;3;10
121;Nonsense;Sabrina Carpenter;2022;7;15
122;Que Vuelvas;Carin Leon, Grupo Frontera;2022;12;9
123;Por las Noches;Peso Pluma;2021;6;11
124;Feliz Cumpleaï¿½ï¿½os Fe;Feid;2022;8;19
125;Can't Hold Us (feat. Ray Dalton);Ray Dalton, Ryan Lewis, Macklemore;2011;8;16
126;Watermelon Sugar;Harry Styles;2019;11;17
127;lovely - Bonus Track;Billie Eilish, Khalid;2017;8;11
128;Queencard;(G)I-DLE;2023;5;15
129;OMG;NewJeans;2023;1;2
130;Radio;Lana Del Rey;2011;1;1
131;505;Arctic Monkeys;2007;4;20
132;Trance (with Travis Scott & Young Thug);Travis Scott, Young Thug, Metro Boomin;2022;12;2
133;"Tere Vaaste (From ""Zara Hatke Zara Bachke"")";Sachin-Jigar, Shadab Faridi, Altamash Faridi, Amitabh Bhattacharya, Varun Jain;2023;5;22
134;Perfect;Ed Sheeran;2017;1;1
135;Romantic Homicide;d4vd;2022;7;20
136;Believer;Imagine Dragons;2017;1;31
137;Novo Balanï¿½;Veigh, Bvga Beatz, Supernova Ent, Prod Malax;2023;5;19
138;Without Me;Eminem;2002;1;1
139;QUEMA;Sog, Ryan Castro, Peso Pluma;2023;7;13
140;Stargirl Interlude;The Weeknd, Lana Del Rey;2016;11;24
141;Ojitos Lindos;Bomba Estï¿½ï¿½reo, Bad B;2022;5;6
142;Somewhere Only We Know;Keane;2004;1;1
143;Those Eyes;New West;2019;5;10
144;El Gordo Trae El Mando;Chino Pacas;2023;1;27
145;Mi Bello Angel;Natanael Cano;2023;6;30
146;Bye;Peso Pluma;2023;5;26
147;Danza Kuduro;Don Omar, Lucenzo;2010;1;1
148;Nosso Quadro;Ana Castela, AgroPlay;2023;2;2
149;Locked Out Of Heaven;Bruno Mars;2012;12;5
150;Un Finde | CROSSOVER #2;Big One, FMK, Ke personajes;2023;4;4
151;Jimmy Cooks (feat. 21 Savage);Drake, 21 Savage;2022;6;17
152;Counting Stars;OneRepublic;2013;1;1
153;Ghost;Justin Bieber;2021;3;19
154;Under The Influence;Chris Brown;2019;10;4
155;PRC;Natanael Cano, Peso Pluma;2023;1;23
156;Gasolina;Daddy Yankee;2004;7;13
157;One Dance;Drake, WizKid, Kyla;2016;4;4
158;Enchanted;Taylor Swift;2010;1;1
159;Save Your Tears;The Weeknd;2020;3;20
160;Sure Thing;Miguel;2010;5;25
161;Every Breath You Take - Remastered 2003;The Police;1983;1;6
162;The Night We Met;Lord Huron;2015;2;2
163;We Found Love;Rihanna, Calvin Harris;2011;1;1
164;When I Was Your Man;Bruno Mars;2012;12;5
165;Let Me Down Slowly;Alec Benjamin;2018;5;25
166;Do I Wanna Know?;Arctic Monkeys;2013;1;1
167;Demons;Imagine Dragons;2012;1;1
168;ýýýýýýýýýýýý;YOASOBI;2023;4;12
169;Reminder;The Weeknd;2016;11;25
170;Shake It Off;Taylor Swift;2014;1;1
171;Why'd You Only Call Me When You're High?;Arctic Monkeys;2013;1;1
172;SNAP;Rosa Linn;2022;3;19
173;Shape of You;Ed Sheeran;2017;1;6
174;Night Changes;One Direction;2014;11;17
175;Fin de Semana;Oscar Maydon, Junior H;2023;1;13
176;Creep;Radiohead;1992;9;21
177;Car's Outside;James Arthur;2019;10;18
178;Apocalypse;Cigarettes After Sex;2017;3;21
179;Cheques;Shubh;2023;5;19
180;Pink + White;Frank Ocean;2016;8;20
181;Circles;Post Malone;2019;8;30
182;Just The Way You Are;Bruno Mars;2010;1;1
183;Take Me To Church;Hozier;2013;9;13
184;Bebe Dame;Fuerza Regida, Grupo Frontera;2022;12;16
185;You Belong With Me (Taylorï¿½ï¿½ï¿½s Ve;Taylor Swift;2021;4;9
186;Titi Me Preguntï¿;Bad Bunny;2022;5;6
187;Better Than Revenge (Taylor's Version);Taylor Swift;2023;7;7
188;Shut up My Moms Calling;Hotel Ugly;2020;2;10
189;Have You Ever Seen The Rain?;Creedence Clearwater Revival;1968;7;1
190;Es un Secreto;Plan B;2010;7;20
191;POLARIS - Remix;Feid, Mora, Saiko, Quevedo;2023;6;8
192;Ditto;NewJeans;2022;12;19
193;Take On Me;a-ha;1984;10;19
194;Acrï¿½ï¿½s;Shakira;2023;5;11
195;AMG;Natanael Cano, Gabito Ballesteros, Peso Pluma;2022;11;24
196;"Phir Aur Kya Chahiye (From ""Zara Hatke Zara Bachke"")";Arijit Singh, Sachin-Jigar, Amitabha Bhattacharya;2023;5;15
197;S-Class;Stray Kids;2023;6;2
198;Hits Different;Taylor Swift;2023;5;26
199;Chanel;Becky G, Peso Pluma;2023;3;30
200;Self Love (Spider-Man: Across the Spider-Verse) (Metro Boomin & Coi Leray);Metro Boomin, Coi Leray;2023;6;2
201;Area Codes;Kaliii, Kaliii;2023;3;17
202;Abcdario;Junior H, Eden Muï¿½ï;2023;5;13
203;Obsessed;Abhijay Sharma, Riar Saab;2022;9;29
204;Piï¿½ï¿½man Deï¿;Semicenk, Doï¿½ï¿½u ;2023;6;2
205;FLOWER;JISOO;2023;3;31
206;Eyes Closed;Ed Sheeran;2023;3;23
207;Escapism.;RAYE, 070 Shake;2022;10;12
208;La Jumpa;Arcangel, Bad Bunny;2022;11;30
209;Karma (feat. Ice Spice);Taylor Swift, Ice Spice;2023;5;26
210;Superhero (Heroes & Villains) [with Future & Chris Brown];Future, Chris Brown, Metro Boomin;2022;12;2
211;Las Morras;BLESSD, Peso Pluma;2023;4;4
212;CHORRITO PA LAS ANIMAS;Feid;2022;12;2
213;Ch y la Pizza;Fuerza Regida, Natanael Cano;2022;12;1
214;Snow On The Beach (feat. More Lana Del Rey);Lana Del Rey, Taylor Swift;2023;5;26
215;Players;Coi Leray;2022;11;30
216;Bite Me;ENHYPEN;2023;5;22
217;Stand By Me (feat. Morgan Wallen);Lil Durk, Morgan Wallen;2023;5;26
218;Normal;Feid;2022;7;8
219;Hummingbird (Metro Boomin & James Blake);James Blake, Metro Boomin;2023;6;2
220;Seu Brilho Sumiu - Ao Vivo;Israel & Rodolffo, Mari Fernandez;2023;3;1
221;Bad Habit;Steve Lacy;2022;6;29
222;CUFF IT;Beyoncï¿;2022;7;29
223;Lilith (feat. SUGA of BTS) (Diablo IV Anthem);Halsey, Suga;2023;6;5
224;69;Nicky Jam, Feid;2023;5;18
225;Niï¿½ï¿½a Bo;Sean Paul, Feid;2023;4;21
226;Search & Rescue;Drake;2023;4;7
227;AMERICA HAS A PROBLEM (feat. Kendrick Lamar);Kendrick Lamar, Beyoncï¿;2023;5;19
228;Lavender Haze;Taylor Swift;2022;10;21
229;Efecto;Bad Bunny;2022;5;6
230;Erro Gostoso - Ao Vivo;Simone Mendes;2023;1;27
231;Cupido;Tini;2023;2;14
232;Just Wanna Rock;Lil Uzi Vert;2022;10;17
233;Unstoppable;Sia;2016;1;21
234;Until I Found You;Stephen Sanchez;2021;9;1
235;Rich Flex;Drake, 21 Savage;2022;11;4
236;Easy On Me;Adele;2021;10;14
237;Cartï¿½ï¿½o B;MC Caverinha, KayBlack;2023;5;11
238;Danger (Spider) (Offset & JID);Offset, JID;2023;6;2
239;Oi Balde - Ao Vivo;Zï¿½ï¿½ Neto & Crist;2023;2;14
240;The Real Slim Shady;Eminem;2000;1;1
241;MERCHO;Migrantes, LiL CaKe, Nico Valdi;2022;12;16
242;The Color Violet;Tory Lanez;2021;12;10
243;Glimpse of Us;Joji;2022;6;10
244;Mejor Que Yo;Mambo Kingz, DJ Luian, Anuel Aa;2023;5;4
245;Curtains;Ed Sheeran;2023;5;5
246;UNFORGIVEN (feat. Nile Rodgers);Nile Rodgers, LE SSERAFIM;2023;5;1
247;Haegeum;Agust D;2023;4;21
248;Conexï¿½ï¿½es de Mï¿½ï¿½fia (feat. Rich ;Rich The Kid, Matuï¿;2023;4;30
249;MIENTRAS ME CURO DEL CORA;Karol G;2023;2;24
250;Never Felt So Alone;Labrinth;2023;4;7
251;X SI VOLVEMOS;Karol G, Romeo Santos;2023;2;2
252;ceilings;Lizzy McAlpine;2022;4;8
253;Cupid;Fifty Fifty;2023;2;24
254;I AM;IVE;2023;4;10
255;Cupid ï¿½ï¿½ï¿½ Twin Ver. (FIFTY FIFTY) ï¿½ï¿½ï¿½ Spe;sped up 8282;1997;1;1
256;Shorty Party;Cartel De Santa, La Kelly;2023;3;4
257;Super;SEVENTEEN;2023;4;24
258;Slut Me Out;NLE Choppa;2022;4;22
259;Double Fantasy (with Future);The Weeknd, Future;2023;4;21
260;All Of The Girls You Loved Before;Taylor Swift;2019;8;23
261;PROVENZA;Karol G;2022;4;21
262;Princess Diana (with Nicki Minaj);Nicki Minaj, Ice Spice;2023;4;14
263;Di Que Si;Grupo Marca Registrada, Grupo Frontera;2023;2;3
264;Shivers;Ed Sheeran;2021;9;9
265;Igualito a Mi Apï¿;Fuerza Regida, Peso Pluma;2022;12;30
266;Shoong! (feat. LISA of BLACKPINK);TAEYANG, Lisa;2023;4;25
267;Komang;Raim Laode;2022;8;16
268;DESPECHï¿;ROSALï¿½;2022;7;28
269;Made You Look;Meghan Trainor;2022;10;21
270;Watch This - ARIZONATEARS Pluggnb Remix;sped up nightcore, ARIZONATEARS, Lil Uzi Vert;2023;2;5
271;No Se Va;Grupo Frontera;2022;4;28
272;Punto G;Quevedo;2022;11;4
273;Lovers Rock;TV Girl;2014;6;5
274;METAMORPHOSIS;INTERWORLD;2021;11;25
275;Mami Chula;Quevedo, Jhayco;2023;4;27
276;En Paris;El Chachito, Junior H;2022;12;24
277;Set Me Free Pt.2;Jimin;2023;3;17
278;I Was Never There;The Weeknd, Gesaffelstein;2018;3;29
279;Don't ever say love me (feat. RM of BTS);RM, Colde;2023;5;4
280;Shut Down;BLACKPINK;2022;9;16
281;Gato de Noche;Nengo Flow, Bad Bunny;2022;12;22
282;Call Out My Name;The Weeknd;2018;3;29
283;Like Crazy (English Version);Jimin;2023;3;24
284;Rosa Pastel;Jasiel Nuï¿½ï¿½ez, Peso P;2023;2;2
285;Sunroof;Nicky Youre, Dazy;2021;12;3
286;Lose Yourself - Soundtrack Version;Eminem;2002;1;1
287;Superman;Eminem, Dina Rae;2002;5;26
288;Mas Rica Que Ayer;Mambo Kingz, DJ Luian, Anuel Aa;2023;3;2
289;People Pt.2 (feat. IU);IU, Agust D;2023;4;7
290;REMIX EXCLUSIVO;Feid;2023;3;17
291;DOGTOOTH;Tyler, The Creator;2023;3;27
292;10:35;Tiï¿½ï¿½sto, Tate M;2022;11;1
293;SORRY NOT SORRY;Tyler, The Creator;2023;3;31
294;HAPPY;NF;2023;3;25
295;La Bebe;Yng Lvcas;2021;12;24
296;I Know - PR1SVX Edit;Kanii, PR1ISVX;2023;3;24
297;Late Night Talking;Harry Styles;2022;5;20
298;Leï¿½;Marï¿½ï¿½lia Mendo;2022;12;9
299;Save Your Tears (with Ariana Grande) (Remix);Ariana Grande, The Weeknd;2020;3;20
300;Something in the Orange;Zach Bryan;2022;4;22
301;VOID;Melanie Martinez;2023;3;29
302;Dijeron Que No La Iba Lograr;Fuerza Regida, Chino Pacas;2023;3;14
303;Midnight Rain;Taylor Swift;2022;10;21
304;If We Ever Broke Up;Mae Stephens;2023;2;10
305;You Proof;Morgan Wallen;2022;5;13
306;LA INOCENTE;Feid, Mora;2022;4;1
307;Malas Decisiones;Kenia OS;2022;10;26
308;Murder In My Mind;Kordhell;2022;1;21
309;Gangsta's Paradise;Coolio, L.V.;1995;7;11
310;CAIRO;Karol G, Ovy On The Drums;2022;11;13
311;I Love You So;The Walters;2014;11;28
312;Dark Red;Steve Lacy;2017;2;20
313;Say You Won't Let Go;James Arthur;2016;9;9
314;The Hills;The Weeknd;2015;5;27
315;Heart To Heart;Mac DeMarco;2019;5;10
316;Peaches (from The Super Mario Bros. Movie);Jack Black;2023;4;7
317;Marisola - Remix;Duki, NICKI NICOLE, Cris Mj, Standly, Stars Music Chile;2022;12;15
318;LOKERA;Brray, Rauw Alejandro, Lyanno;2022;7;25
319;Low;SZA;2022;12;9
320;Numb;Linkin Park;2003;3;24
321;Tormenta (feat. Bad Bunny);Gorillaz, Bad Bunny;2023;2;24
322;on the street (with J. Cole);j-hope, J. Cole;2023;3;3
323;One Thing At A Time;Morgan Wallen;2022;12;2
324;Miss You;Robin Schulz, Oliver Tree;2022;8;5
325;Ainï¿½ï¿½ï¿½t Tha;Morgan Wallen;2023;3;3
326;Thinkinï¿½ï¿½ï¿½ B;Morgan Wallen;2023;3;3
327;Private Landing (feat. Justin Bieber & Future);Don Toliver, Future, Justin Bieber;2023;2;23
328;Everything I Love;Morgan Wallen;2023;1;31
329;Heaven;Niall Horan;2023;2;17
330;LET GO;Central Cee;2022;12;15
331;Sial;Mahalini;2023;1;23
332;I Wrote The Book;Morgan Wallen;2023;1;31
333;"Apna Bana Le (From ""Bhediya"")";Arijit Singh, Sachin-Jigar;2022;11;5
334;SPIT IN MY FACE!;ThxSoMch;2022;10;31
335;PLAYA DEL INGLï¿½;Myke Towers, Quevedo;2022;12;15
336;Man Made A Bar (feat. Eric Church);Morgan Wallen, Eric Church;2023;3;3
337;Red Ruby Da Sleeze;Nicki Minaj;2023;3;3
338;Kahani Suno 2.0;Kaifi Khalil;2022;5;31
339;Nobody Gets Me;SZA;2022;12;9
340;PERO Tï¿;Karol G, Quevedo;2023;2;23
341;Hype Boy;NewJeans;2022;8;1
342;Bloody Mary;Lady Gaga;2011;1;1
343;Monotonï¿½;Ozuna, Shakira;2022;10;19
344;ýýý98 Braves;Morgan Wallen;2023;3;3
345;WANDA;Quevedo;2023;1;20
346;Thought You Should Know;Morgan Wallen;2022;5;6
347;In The End;Linkin Park;2000;10;24
348;Zona De Perigo;Leo Santana;2022;12;8
349;Lovezinho;Treyce;2022;7;28
350;I Like You (A Happier Song) (with Doja Cat);Post Malone, Doja Cat;2022;6;3
351;Neverita;Bad Bunny;2022;5;6
352;Vista Al Mar;Quevedo;2022;9;8
353;Sem Alianï¿½ï¿½a no ;MC Xenon, Os Gemeos da Putaria;2022;12;23
354;Enemy (with JID) - from the series Arcane League of Legends;Imagine Dragons, League of Legends, JID, Arcane;2021;9;3
355;Revenge;XXXTENTACION;2017;8;25
356;Bombonzinho - Ao Vivo;Israel & Rodolffo, Ana Castela;2022;11;3
357;LA CANCIï¿½;J Balvin, Bad Bunny;2019;6;28
358;Quï¿½ï¿½ Ago;Yuridia, Angela Aguilar;2022;10;20
359;Love Again;The Kid Laroi;2023;1;27
360;After Hours;The Weeknd;2020;2;19
361;About Damn Time;Lizzo;2022;7;15
362;Born With A Beer In My Hand;Morgan Wallen;2023;3;3
363;ýýýýýýýýýýýýýýýýýýýýý;Fujii Kaze;2020;5;20
364;Besos Moja2;Wisin & Yandel, ROSALï¿½;2022;9;29
365;Maan Meri Jaan;King;2022;10;12
366;Moscow Mule;Bad Bunny;2022;5;6
367;My Universe;Coldplay, BTS;2021;9;24
368;Devil Donï¿½ï¿½ï¿½;Morgan Wallen;2023;3;3
369;LLYLM;ROSALï¿½;2023;1;27
370;I'm Not Here To Make Friends;Sam Smith, Calvin Harris, Jessie Reyez;2023;1;27
371;TRUSTFALL;P!nk;2023;1;27
372;ANTIFRAGILE;LE SSERAFIM;2022;10;17
373;Boy's a liar;PinkPantheress;2022;11;30
374;VIBE (feat. Jimin of BTS);TAEYANG, Jimin;2023;1;13
375;Shirt;SZA;2022;10;28
376;Lift Me Up - From Black Panther: Wakanda Forever - Music From and Inspired By;Rihanna;2022;10;28
377;STAR WALKIN' (League of Legends Worlds Anthem);Lil Nas X;2022;9;22
378;Boy With Luv (feat. Halsey);Halsey, BTS;2019;4;12
379;Calm Down;Rï¿½ï;2022;2;9
380;Jhoome Jo Pathaan;Arijit Singh, Vishal Dadlani, Sukriti Kakar, Vishal-Shekhar, Shekhar Ravjiani, Kumaar;2022;12;22
381;Escapism. - Sped Up;RAYE, 070 Shake;2022;11;25
382;Space Song;Beach House;2015;1;1
383;Dreamers [Music from the FIFA World Cup Qatar 2022 Official Soundtrack];BTS, Jung Kook, FIFA Sound;2022;11;20
384;Te Felicito;Shakira, Rauw Alejandro;2022;4;21
385;Muï¿½ï¿½;Steve Aoki, Tini, La Joaqui;2023;1;12
386;TV;Billie Eilish;2022;7;21
387;I'm Not The Only One;Sam Smith;2014;1;1
388;Heather;Conan Gray;2020;3;20
389;"Besharam Rang (From ""Pathaan"")";Vishal-Shekhar, Shilpa Rao, Caralisa Monteiro, Kumaar, Vishal Dadlani, Shekhar Ravjiani;2022;12;12
390;One Kiss (with Dua Lipa);Calvin Harris, Dua Lipa;2017;6;2
391;Sugar Rush Ride;TOMORROW X TOGETHER;2023;1;27
392;Pink Venom;BLACKPINK;2022;8;19
393;WAIT FOR U (feat. Drake & Tems);Drake, Future, Tems;2022;4;27
394;Don't Start Now;Dua Lipa;2019;10;31
395;After Dark;Mr.Kitty;2014;8;8
396;Eu Gosto Assim - Ao Vivo;Gustavo Mioto, Mari Fernandez;2022;9;16
397;INDUSTRY BABY (feat. Jack Harlow);Jack Harlow, Lil Nas X;2021;7;23
398;MIDDLE OF THE NIGHT;Elley Duhï¿;2020;1;10
399;Atlantis;Seafret;2015;4;22
400;PUNTO 40;Baby Rasta, Rauw Alejandro;2022;9;22
401;Evoque Prata;DJ Escobar, MC MENOR SG, MC MENOR HR;2022;9;9
402;How Do I Say Goodbye;Dean Lewis;2022;8;5
403;Blind;SZA;2022;12;9
404;Die For You;Joji;2022;11;4
405;Doja;Central Cee;2022;7;20
406;Gatita;Bellakath;2022;10;3
407;Rumble;Skrillex, Flowdan, Fred again..;2022;1;17
408;Niagara Falls (Foot or 2) [with Travis Scott & 21 Savage];Travis Scott, 21 Savage, Metro Boomin;2022;12;2
409;Yonaguni;Bad Bunny;2021;6;4
410;Super Freaky Girl;Nicki Minaj;2022;8;12
411;Running Up That Hill (A Deal With God);Kate Bush;1985;9;16
412;Dream On;Aerosmith;1973;1;5
413;Limbo;Freddie Dredd;2022;8;11
414;Where Are You Now;Lost Frequencies, Calum Scott;2021;7;30
415;WORTH NOTHING;Twisted, Oliver Tree;2022;9;28
416;Bad Habits;Ed Sheeran;2020;9;3
417;KICK BACK;Kenshi Yonezu;2022;10;12
418;Evergreen (You Didnï¿½ï¿½ï¿½t Deserve Me A;Omar Apollo;2022;4;8
419;Good Days;SZA;2020;12;24
420;Levitating (feat. DaBaby);Dua Lipa, DaBaby;2020;3;27
421;Woman;Doja Cat;2021;6;25
422;Shut up My Moms Calling - (Sped Up);Hotel Ugly;2022;9;14
423;Ferrari;James Hype, Miggy Dela Rosa;2022;3;14
424;"Kesariya (From ""Brahmastra"")";Pritam, Arijit Singh, Amitabh Bhattacharya;2022;7;17
425;Agudo Mï¿½ï¿½gi;Styrx, utku INC, Thezth;1930;1;1
426;Payphone;Maroon 5, Wiz Khalifa;2012;1;1
427;All I Want for Christmas Is You;Mariah Carey;1994;10;28
428;Last Christmas;Wham!;1984;1;1
429;Rockin' Around The Christmas Tree;Brenda Lee;1958;1;1
430;Jingle Bell Rock;Bobby Helms;1957;1;1
431;It's Beginning To Look A Lot Like Christmas;Michael Bublï¿;2011;10;14
432;Santa Tell Me;Ariana Grande;2013;12;13
433;It's the Most Wonderful Time of the Year;Andy Williams;1963;10;14
434;Let It Snow! Let It Snow! Let It Snow!;Dean Martin;1959;11;16
435;Snowman;Sia;2017;1;1
436;Underneath the Tree;Kelly Clarkson;2013;10;25
437;Feliz Navidad;Josï¿½ï¿½ Felic;1970;11;1
438;Holly Jolly Christmas;Michael Bublï¿;2011;10;14
439;Mistletoe;Justin Bieber;2011;1;1
440;Sleigh Ride;The Ronettes;1963;11;22
441;Seek & Destroy;SZA;2022;12;9
442;Love Language;SZA;2022;12;9
443;Happy Xmas (War Is Over);John Lennon, The Harlem Community Choir, The Plastic Ono Band, Yoko Ono;1971;12;1
444;Used (feat. Don Toliver);SZA, Don Toliver;2022;12;8
445;A Holly Jolly Christmas - Single Version;Burl Ives;1952;1;1
446;The Christmas Song (Merry Christmas To You) - Remastered 1999;Nat King Cole;1946;11;1
447;Wonderful Christmastime - Edited Version / Remastered 2011;Paul McCartney;1979;11;16
448;Do They Know It's Christmas? - 1984 Version;Band Aid;1984;11;25
449;Ghost in the Machine (feat. Phoebe Bridgers);SZA, Phoebe Bridgers;2022;12;9
450;Special;SZA;2022;12;9
451;Merry Christmas Everyone;Shakin' Stevens;1984;1;1
452;Let It Snow! Let It Snow! Let It Snow!;Frank Sinatra, B. Swanson Quartet;1950;1;1
453;SOS;SZA;2022;12;9
454;Open Arms (feat. Travis Scott);SZA, Travis Scott;2022;12;8
455;White Christmas;Bing Crosby, John Scott Trotter & His Orchestra, Ken Darby Singers;1942;1;1
456;Driving Home for Christmas - 2019 Remaster;Chris Rea;1986;1;1
457;Christmas (Baby Please Come Home);Darlene Love;1963;11;22
458;Gone Girl;SZA;2022;12;9
459;F2F;SZA;2022;12;9
460;Notice Me;SZA;2022;12;9
461;Merry Christmas;Ed Sheeran, Elton John;2017;11;10
462;It's Beginning to Look a Lot Like Christmas (with Mitchell Ayres & His Orchestra);Perry Como, The Fontane Sisters, Mitchell Ayres & His Orchestra;1958;1;1
463;My Only Wish (This Year);Britney Spears;2000;11;7
464;Antidepresan;Mabel Matiz, Mert Demir;2022;11;4
465;Wild Flower (with youjeen);RM;2022;12;2
466;I Hate U;SZA;2021;12;3
467;Raindrops (Insane) [with Travis Scott];Travis Scott, Metro Boomin;2022;12;2
468;SPIT IN MY FACE!;ThxSoMch;2022;10;31
469;Deck The Hall - Remastered 1999;Nat King Cole;1959;1;1
470;Smoking on my Ex Pack;SZA;2022;12;9
471;Conceited;SZA;2022;12;9
472;Snow On The Beach (feat. Lana Del Rey);Taylor Swift, Lana Del Rey;2022;10;21
473;Maroon;Taylor Swift;2022;10;21
474;Tubarï¿½ï¿½o Te;Dj LK da Escï¿½ï¿½cia, Tchakabum, mc jhenny, M;2022;9;28
475;Bejeweled;Taylor Swift;2022;10;21
476;Tarot;Bad Bunny, Jhay Cortez;2022;5;6
477;You Make It Feel Like Christmas (feat. Blake Shelton);Gwen Stefani, Blake Shelton;2005;9;20
478;Desesperados;Chencho Corleone, Rauw Alejandro;2021;6;25
479;Too Late;SZA;2022;12;8
480;Party;Bad Bunny, Rauw Alejandro;2022;5;6
481;Run Rudolph Run - Single Version;Chuck Berry;1958;1;1
482;Jingle Bells - Remastered 1999;Frank Sinatra;1957;1;1
483;Far;SZA;2022;12;9
484;On Time (with John Legend);John Legend, Metro Boomin;2022;12;2
485;GATï¿½ï¿½;Maldy, Karol G;2022;8;25
486;ýýýabcdefu;Gayle;2021;8;13
487;Sacrifice;The Weeknd;2022;1;7
488;Is There Someone Else?;The Weeknd;2022;1;7
489;Fingers Crossed;Lauren Spencer Smith, Lauren Spencer Smith, Lauren Spencer Smith;2022;1;5
490;Out of Time;The Weeknd;2022;1;7
491;Do It To It;Cherish, ACRAZE;2021;8;20
492;We Don't Talk About Bruno;Adassa, Mauro Castillo, Stephanie Beatriz, Encanto - Cast, Rhenzy Feliz, Diane Guerrero, Carolina Gaitan;2021;11;19
493;Pepas;Farruko;2021;6;24
494;How Do I Make You Love Me?;The Weeknd;2022;1;7
495;Gasoline;The Weeknd;2022;1;7
496;Infinity;Jaymes Young;2017;6;23
497;Less Than Zero;The Weeknd;2022;1;7
498;Take My Breath;The Weeknd;2021;8;6
499;good 4 u;Olivia Rodrigo;2021;5;14
500;Best Friends;The Weeknd;2022;1;7
501;Kiss Me More (feat. SZA);SZA, Doja Cat;2021;4;9
502;I Heard You're Married (feat. Lil Wayne);The Weeknd, Lil Wayne;2022;1;7
503;Need To Know;Doja Cat;2021;6;11
504;MONTERO (Call Me By Your Name);Lil Nas X;2020;9;18
505;love nwantiti (ah ah ah);Ckay;2019;7;26
506;Dawn FM;The Weeknd;2022;1;7
507;Surface Pressure;Jessica Darrow;2021;11;19
508;Starry Eyes;The Weeknd;2022;1;7
509;THATS WHAT I WANT;Lil Nas X;2021;9;17
510;One Right Now (with The Weeknd);The Weeknd, Post Malone;2021;11;5
511;Beggin;Mï¿½ï¿½ne;2017;12;8
512;Mon Amour - Remix;Aitana, zzoilo;2020;9;21
513;Lo Siento BB:/ (with Bad Bunny & Julieta Venegas);Julieta Venegas, Bad Bunny, Tainy;2021;10;5
514;MONEY;Lisa;2021;9;10
515;The Motto;Tiï¿½ï¿½sto, Ava;2021;11;4
516;Happier Than Ever;Billie Eilish;2021;7;30
517;Moth To A Flame (with The Weeknd);The Weeknd, Swedish House Mafia;2021;10;22
518;traitor;Juan Cruz Toledo, Huilen Toledo;2021;5;21
519;Toxic;BoyWithUke;2021;9;10
520;drivers license;Olivia Rodrigo;2021;1;8
521;Malvadï¿½ï¿;Xamï¿½ï¿½, Gustah, Neo B;2021;11;30
522;All Too Well (10 Minute Version) (Taylor's Version) (From The Vault);Taylor Swift;2021;11;12
523;Donï¿½ï¿½ï¿½t Break My;The Weeknd;2022;1;7
524;Oh My God;Adele;2021;11;19
525;Entre Nosotros (Remix) [con Nicki Nicole];Lit Killah, Maria Becerra, Tiago pzk, NICKI NICOLE;2022;1;5
526;A Tale By Quincy;The Weeknd;2022;1;7
527;I AM WOMAN;Emmy Meli;2021;11;18
528;Medallo;Justin Quiles, Lenny Tavï¿½ï¿½rez, BL;2021;10;27
529;It'll Be Okay;Shawn Mendes;2021;12;1
530;Softcore;The Neighbourhood;2018;3;9
531;Super Gremlin;Kodak Black;2021;10;30
532;Volvï¿;Aventura, Bad Bunny;2021;8;3
533;Todo De Ti;Rauw Alejandro;2020;11;2
534;Love Nwantiti - Remix;Ckay, AX'EL, Dj Yo!;2019;8;30
535;Smokin Out The Window;Bruno Mars, Anderson .Paak, Silk Sonic;2021;11;5
536;Meet Me At Our Spot;THE ANXIETY, Willow, Tyler Cole;2020;3;13
537;Every Angel is Terrifying;The Weeknd;2022;1;7
538;Tacones Rojos;Sebastian Yatra;2021;10;22
539;Peaches (feat. Daniel Caesar & Giveon);Justin Bieber, Daniel Caesar, Giveon;2021;3;19
540;Dakiti;Bad Bunny, Jhay Cortez;2020;10;30
541;Lï¿½ï¿½ï¿;Stromae;2022;1;9
542;Nostï¿½ï¿½l;Chris Brown, Rvssian, Rauw Alejandro;2021;9;8
543;Better Days (NEIKED x Mae Muller x Polo G);NEIKED, Mae Muller, Polo G;2021;9;24
544;Life Goes On;Oliver Tree;2020;7;17
545;Sad Girlz Luv Money Remix (feat. Kali Uchis);Kali Uchis, Amaarae, Moliy;2021;9;16
546;Butter;BTS;2021;5;21
547;pushin P (feat. Young Thug);Young Thug, Future, Gunna;2022;1;7
548;You Right;Doja Cat, The Weeknd;2021;6;24
549;deja vu;Olivia Rodrigo;2021;4;1
550;Dynamite;BTS;2020;8;21
551;TO THE MOON;Jnr Choi;2021;11;5
552;Lost in the Fire;The Weeknd, Gesaffelstein;2019;1;11
553;Salimo de Noche;Trueno, Tiago pzk;2021;10;21
554;Volando - Remix;Sech, Bad Bunny, Mora;2021;7;8
555;Leave The Door Open;Bruno Mars, Anderson .Paak, Silk Sonic;2021;3;5
556;Knife Talk (with 21 Savage ft. Project Pat);Drake, Project Pat, 21 Savage;2021;9;3
557;Don't Be Shy;Tiï¿½ï¿½sto, Kar;2021;8;1
558;Love Grows (Where My Rosemary Goes);Edison Lighthouse;1970;1;1
559;LA FAMA (with The Weeknd);The Weeknd, ROSALï¿½;2021;11;11
560;The Family Madrigal;Olga Merediz, Stephanie Beatriz, Encanto - Cast;2021;11;19
561;Phantom Regret by Jim;The Weeknd;2022;1;7
562;Dos Oruguitas;Sebastian Yatra;2021;11;19
563;Freaks;Surf Curse;2015;5;10
564;Acapulco;Jason Derulo;2021;9;1
565;Daddy Issues;The Neighbourhood;2015;10;30
566;thought i was playing;21 Savage, Gunna;2022;1;7
567;ELEVEN;IVE;2021;12;1
568;Mood (feat. Iann Dior);24kgoldn, Iann Dior;2020;7;24
569;What Else Can I Do?;Stephanie Beatriz, Diane Guerrero;2021;11;19
570;DANCE CRIP;Trueno;2021;11;17
571;Miserable Man;David Kushner;2022;1;7
572;happier;Olivia Rodrigo;2021;5;21
573;Praise God;Kanye West;2021;8;29
574;Get Into It (Yuh);Doja Cat;2021;6;25
575;Before You Go;Lewis Capaldi;2019;11;1
576;Sky;Playboi Carti;2020;12;25
577;Rolling in the Deep;Adele;2010;11;29
578;Sobrio;Maluma;2021;7;8
579;Peru;Ed Sheeran, Fireboy DML;2021;12;23
580;favorite crime;Olivia Rodrigo;2021;5;21
581;Thunder;Prezioso, Gabry Ponte, LUM!X;2021;5;7
582;The Business;Tiï¿½ï¿;2020;1;1
583;positions;Ariana Grande;2020;10;23
584;I WANNA BE YOUR SLAVE;Mï¿½ï¿½ne;2021;3;19
585;Vai Lï¿½ï¿½ Em Casa ;Marï¿½ï¿½lia Mendonï¿½ï¿½a, George Henrique &;2021;10;22
586;The Feels;TWICE;2021;10;1
587;HEARTBREAK ANNIVERSARY;Giveon;2020;2;21
588;No Lie;Sean Paul, Dua Lipa;2016;11;18
589;OUT OUT (feat. Charli XCX & Saweetie);Charli XCX, Jax Jones, Joel Corry, Saweetie;2021;8;13
590;Pope Is a Rockstar;SALES;2016;4;20
591;2055;Sleepy hallow;2021;4;14
592;Bored;Billie Eilish;2017;3;30
593;Happier Than Ever - Edit;Billie Eilish;2021;7;28
594;Astronaut In The Ocean;Masked Wolf;2019;1;1
595;Ley Seca;Anuel Aa, Jhay Cortez;2021;9;2
596;Every Summertime;NIKI;2021;8;10
597;Talking To The Moon;Bruno Mars;2010;10;4
598;you broke me first;Tate McRae;2020;4;17
599;The Nights;Avicii;2014;1;1
600;Take My Breath;The Weeknd;2021;8;6
601;Way 2 Sexy (with Future & Young Thug);Drake, Future, Young Thug;2021;9;3
602;Cï¿½ï¿½;Rauw Alejandro;2021;6;25
603;Enemy - from the series Arcane League of Legends;Imagine Dragons, League of Legends, Arcane;2021;10;27
604;Dance Monkey;Tones and I;2019;5;10
605;Lucid Dreams;Juice WRLD;2017;6;15
606;Quï¿½ï¿½ Mï¿½ï¿;J Balvin, Maria Becerra;2021;1;28
607;All of Me;John Legend;2013;8;1
608;Smells Like Teen Spirit - Remastered 2021;Nirvana;1991;9;10
609;Arcade;Duncan Laurence;2019;3;7
610;Fair Trade (with Travis Scott);Drake, Travis Scott;2021;9;3
611;Bar;Tini, L-Gante;2021;11;11
612;The Rumbling (TV Size);SiM;2022;1;10
613;family ties (with Kendrick Lamar);Kendrick Lamar, Baby Keem;2021;8;27
614;Mr. Brightside;The Killers;2003;9;23
615;Blessed-Cursed;ENHYPEN;2022;1;10
616;AM Remix;J Balvin, Nio Garcia, Bad Bunny;2021;6;24
617;Streets;Doja Cat;2019;11;7
618;Shallow;Lady Gaga, Bradley Cooper;2018;9;27
619;Polaroid Love;ENHYPEN;2022;1;10
620;Leave Before You Love Me (with Jonas Brothers);Marshmello, Jonas Brothers;2021;4;28
621;Permission to Dance;BTS;2021;7;9
622;Friday (feat. Mufasa & Hypeman) - Dopamine Re-Edit;Riton, Nightcrawlers, Mufasa & Hypeman, Dopamine;2021;1;15
623;RAPSTAR;Polo G;2021;4;9
624;'Till I Collapse;Eminem, Nate Dogg;2002;5;26
625;Memories;Maroon 5;2019;9;20
626;Se Le Ve;Arcangel, De La Ghetto, Justin Quiles, Lenny Tavï¿½ï¿½rez, Sech, Dalex, Dimelo Flow, Rich Music;2021;8;12
627;25k jacket (feat. Lil Baby);Gunna, Lil Baby;2022;1;7
628;When Iï¿½ï¿½ï¿½m Gone (with Katy ;Katy Perry, Alesso;2021;12;29
629;Esqueï¿½ï¿½a-Me Se For C;Marï¿½ï¿½lia Mendonï¿½ï¿½a, Maiara &;2021;10;14
630;Miï¿½ï¿½n;Tini, Maria Becerra;2021;4;29
631;Sï¿½ï¿½;Anuel Aa, Myke Towers, Jhay Cortez;2021;11;18
632;MAMIII;Karol G, Becky G;2022;2;10
633;Still D.R.E.;Dr. Dre, Snoop Dogg;1999;1;1
634;Stay Alive (Prod. SUGA of BTS);Jung Kook;2022;2;11
635;Boyfriend;Dove Cameron;2022;2;11
636;The Joker And The Queen (feat. Taylor Swift);Ed Sheeran, Taylor Swift;2022;2;11
637;The Next Episode;Dr. Dre, Snoop Dogg;1999;1;1
638;Light Switch;Charlie Puth;2022;1;19
639;City of Gods;Kanye West, Alicia Keys, Fivio Foreign;2022;2;11
640;Brividi;Mahmood, Blanco;2022;2;2
641;Lost;Frank Ocean;2012;1;1
642;In Da Club;50 Cent;2002;1;1
643;she's all i wanna be;Tate McRae;2022;2;4
644;Ginseng Strip 2002;Yung Lean;2013;8;16
645;All For Us - from the HBO Original Series Euphoria;Labrinth, Zendaya;2019;8;4
646;Notion;The Rare Occasions;2016;8;5
647;Formula;Labrinth;2019;10;4
648;Mount Everest;Labrinth;2019;6;21
649;Excuses;Intense, AP Dhillon, Gurinder Gill;2020;7;24
650;Cigarettes;Juice WRLD;2021;12;10
651;California Love - Original Version (Explicit);Dr. Dre, 2Pac, Roger;1995;12;28
652;Forgot About Dre;Eminem, Dr. Dre;1999;1;1
653;Down Under (feat. Colin Hay);Luude, Colin Hay;2021;11;19
654;Mujeriego;Ryan Castro;2021;12;17
655;HUMBLE.;Kendrick Lamar;2017;3;30
656;Stan;Eminem, Dido;1999;11;21
657;Contection;GODZZ__-, Zakaria;2020;1;16
658;Swim;Chase Atlantic;2017;10;4
659;A Tu Merced;Bad Bunny;2020;2;29
660;Numb Little Bug;Em Beihold;2022;1;28
661;212;Mainstreet, Chefin;2022;1;15
662;Problemï¿½;Alvaro Diaz, Rauw Alejandro;2021;10;22
663;Bussin;Nicki Minaj, Lil Baby;2022;2;11
664;Worst Day;Future;2022;2;11
665;Malvada;Zï¿½ï¿½ Fe;2022;1;28
666;Hrs and Hrs;Muni Long;2021;11;19
667;Alien Blues;Vundabar;2015;7;24
668;Thinking Out Loud;Ed Sheeran;2014;1;1
669;Still Don't Know My Name;Labrinth;2019;10;4
670;Christmas Tree;V;2021;12;24
671;Mal Feito - Ao Vivo;Marï¿½ï¿½lia Mendonï¿½ï¿½a, Hugo & G;2022;1;14
672;When I R.I.P.;Labrinth;2019;10;4
673;Do We Have A Problem?;Nicki Minaj, Lil Baby;2022;2;4
674;Forever;Labrinth;2019;10;4
675;Gospel (with Eminem);Eminem, Dr. Dre;2022;2;4
676;Seï¿½ï¿½o;Shawn Mendes, Camila Cabello;2019;6;19
677;NEW MAGIC WAND;Tyler, The Creator;2019;5;16
678;Adore You;Harry Styles;2019;12;6
679;La Santa;Daddy Yankee, Bad Bunny;2020;2;29
680;Something In The Way - Remastered 2021;Nirvana;1991;9;24
681;Sweetest Pie;Dua Lipa, Megan Thee Stallion;2022;3;11
682;Bam Bam (feat. Ed Sheeran);Camila Cabello, Ed Sheeran;2022;3;4
683;Una Noche en Medellï¿½;Cris Mj;2022;1;21
684;Envolver;Anitta;2021;11;11
685;Starlight;Dave;2022;3;3
686;Hati-Hati di Jalan;Tulus;2022;3;3
687;"I'm Tired - From ""Euphoria"" An Original HBO Series";Labrinth;2022;2;4
688;DANï¿½ï¿½A;Mc Pedrinho, Pedro Sampaio;2022;2;1
689;Yo Voy (feat. Daddy Yankee);Zion & Lennox;2004;5;4
690;Jordan;Ryan Castro;2021;4;30
691;Nail Tech;Jack Harlow;2022;2;18
692;Chale;Eden Muï¿½ï;2022;2;18
693;DARARI;Treasure;2022;2;15
694;Ya No Somos Ni Seremos;Christian Nodal;2022;2;18
695;Thinking with My Dick;Kevin Gates, Juicy J;2013;7;16
696;Freaky Deaky;Tyga, Doja Cat;2022;2;25
697;this is what falling in love feels like;JVKE;2021;9;3
698;La Zona;Bad Bunny;2020;2;29
699;Bohemian Rhapsody - Remastered 2011;Queen;1975;10;31
700;Hope;XXXTENTACION;2018;3;16
701;Levitating;Dua Lipa;2020;3;27
702;Wake Me Up - Radio Edit;Avicii;2013;1;1
703;Monï¿½ï¿½y so;YEAT;2021;9;10
704;Demasiadas Mujeres;C. Tangana;2020;10;8
705;Something Just Like This;The Chainsmokers, Coldplay;2017;2;22
706;Closer;The Chainsmokers, Halsey;2016;5;31
707;O.O;NMIXX;2022;2;22
708;Somebody That I Used To Know;Gotye, Kimbra;2011;1;1
709;Tom's Diner;AnnenMayKantereit, Giant Rooks;2019;6;28
710;First Class;Jack Harlow;2022;4;8
711;Plan A;Paulo Londra;2022;3;23
712;Fuera del mercado;Danny Ocean;2022;2;17
713;X ï¿½ï¿½LTIMA;Daddy Yankee, Bad Bunny;2022;3;25
714;When You're Gone;Shawn Mendes;2022;3;31
715;In My Head;Lil Tjay;2022;4;1
716;Wait a Minute!;Willow;2015;1;11
717;LOVE DIVE;IVE;2022;4;5
718;Pantysito;Feid, Alejo, Robi;2022;3;18
719;Chance;Paulo Londra;2022;4;6
720;Cool for the Summer;Demi Lovato;2015;1;1
721;psychofreak (feat. WILLOW);Camila Cabello, Willow;2022;4;7
722;Angel Baby;Troye Sivan;2021;9;9
723;Vampiro;Matuï¿½ï¿½, Wiu, ;2022;1;30
724;Si Quieren Frontear;De La Ghetto, Duki, Quevedo;2022;3;31
725;Right On;Lil Baby;2022;4;8
726;Me Arrepentï¿;Ak4:20, Cris Mj, Pailita;2022;3;30
727;That's Hilarious;Charlie Puth;2022;4;8
728;Soy El Unico;Yahritza Y Su Esencia;2022;3;25
729;RUMBATï¿½;Daddy Yankee;2022;3;25
730;sentaDONA (Remix) s2;Luï¿½ï¿½sa Sonza, MC Frog, Dj Gabriel do Borel, Davi K;2022;3;17
731;Falling;Harry Styles;2019;12;13
732;Sigue;Ed Sheeran, J Balvin;1996;11;24
733;Fim de Semana no Rio;teto;2022;3;30
734;MANIAC;Stray Kids;2022;3;18
735;There's Nothing Holdin' Me Back;Shawn Mendes;2016;9;23
736;IDGAF (with blackbear);Blackbear, BoyWithUke;2022;3;18
737;Golden;Harry Styles;2019;12;13
738;Get Lucky - Radio Edit;Pharrell Williams, Nile Rodgers, Daft Punk;2013;1;1
739;Ain't Shit;Doja Cat;2021;6;25
740;"Nobody Like U - From ""Turning Red""";Jordan Fisher, Josh Levi, Finneas O'Connell, 4*TOWN (From Disney and Pixarï¿½ï¿½ï¿½s Turning Red), Topher Ngo, Grayson Vill;2022;2;25
741;Still Life;BIGBANG;2022;4;5
742;Photograph;Ed Sheeran;2014;6;20
743;Love Yourself;Justin Bieber;2015;11;9
744;N95;Kendrick Lamar;2022;5;13
745;About Damn Time;Lizzo;2022;4;14
746;Die Hard;Kendrick Lamar, Blxst, Amanda Reifer;2022;5;13
747;Despuï¿½ï¿½s de la P;Bad Bunny;2022;5;6
748;Un Ratito;Bad Bunny;2022;5;6
749;United In Grief;Kendrick Lamar;2022;5;13
750;Father Time (feat. Sampha);Kendrick Lamar, Sampha;2022;5;13
751;Yo No Soy Celoso;Bad Bunny;2022;5;6
752;Rich Spirit;Kendrick Lamar;2022;5;13
753;Cooped Up (with Roddy Ricch);Post Malone, Roddy Ricch;2022;5;12
754;Me Fui de Vacaciones;Bad Bunny;2022;5;6
755;Silent Hill;Kendrick Lamar, Kodak Black;2022;5;13
756;La Corriente;Tony Dize, Bad Bunny;2022;5;6
757;Count Me Out;Kendrick Lamar;2022;5;13
758;Andrea;Buscabulla, Bad Bunny;2022;5;6
759;Dos Mil 16;Bad Bunny;2022;5;6
760;We Cry Together;Kendrick Lamar, Taylour Paige;2022;5;13
761;Savior;Kendrick Lamar, Sam Dew, Baby Keem;2022;5;13
762;Un Coco;Bad Bunny;2022;5;6
763;Otro Atardecer;Bad Bunny, The Marï¿½ï;2022;5;6
764;Worldwide Steppers;Kendrick Lamar;2022;5;13
765;Aguacero;Bad Bunny;2022;5;6
766;Purple Hearts;Kendrick Lamar, Ghostface Killah, Summer Walker;2022;5;13
767;Un Verano Sin Ti;Bad Bunny;2022;5;6
768;ULTRA SOLO;Polima WestCoast, Pailita;2022;2;14
769;Ensï¿½ï¿½ï¿½ï¿½ame ;Bad Bunny;2022;5;6
770;El Apagï¿½;Bad Bunny;2022;5;6
771;Callaita;Bad Bunny, Tainy;2019;5;31
772;Dua Lipa;Jack Harlow;2022;5;6
773;Agosto;Bad Bunny;2022;5;6
774;House Of Memories;Panic! At The Disco;2016;1;15
775;Mr. Morale;Kendrick Lamar, Tanna Leone;2022;5;13
776;That That (prod. & feat. SUGA of BTS);PSY, Suga;2022;4;29
777;In The Stars;Benson Boone;2022;4;29
778;Rich - Interlude;Kendrick Lamar;2022;5;13
779;SUPERMODEL;Mï¿½ï¿½ne;2022;5;13
780;Stefania (Kalush Orchestra);KALUSH;2022;3;10
781;Thousand Miles;The Kid Laroi;2022;4;22
782;Crown;Kendrick Lamar;2022;5;13
783;Auntie Diaries;Kendrick Lamar;2022;5;13
784;PUFFIN ON ZOOTIEZ;Future;2022;4;29
785;Mirror;Kendrick Lamar;2022;5;13
786;Beautiful Girl;Luciano;2022;4;22
787;Savior - Interlude;Kendrick Lamar;2022;5;13
788;Pasoori;Shae Gill, Ali Sethi;2022;2;6
789;Mother I Sober (feat. Beth Gibbons of Portishead);Kendrick Lamar, Beth Gibbons;2022;5;13
790;TUS Lï¿½ï¿½GR;Sech, Mora;2022;4;1
791;Where Did You Go?;MNEK, Jax Jones;2022;1;26
792;I Tried to Tell Y'all;Ugly Dray, Tesla Jnr;2022;5;6
793;Honest (feat. Don Toliver);Justin Bieber, Don Toliver;2022;4;29
794;ZOOM;Jessi;2022;4;13
795;SloMo;Chanel;2021;12;24
796;FEARLESS;LE SSERAFIM;2022;5;2
797;10 Things I Hate About You;Leah Kate;2022;3;23
798;SPACE MAN;Sam Ryder;2022;2;22
799;With you;HA SUNG WOON, Jimin;2022;4;24
800;Iris;The Goo Goo Dolls;1998;3;31
801;The Heart Part 5;Kendrick Lamar;2022;5;8
802;San Lucas;Kevin Kaarl;2019;11;7
803;This Love (Taylorï¿½ï¿½ï¿½s Ve;Taylor Swift;2022;5;6
804;Good Looking;Suki Waterhouse;2017;10;20
805;Flowers;Lauren Spencer Smith;2021;8;9
806;Yet To Come;BTS;2022;6;10
807;Run BTS;BTS;2022;6;10
808;Music For a Sushi Restaurant;Harry Styles;2022;5;20
809;Matilda;Harry Styles;2022;5;20
810;For Youth;BTS;2022;6;10
811;Daylight;Harry Styles;2022;5;20
812;Vegas (From the Original Motion Picture Soundtrack ELVIS);Doja Cat;2022;5;6
813;Cash In Cash Out;Pharrell Williams, Tyler, The Creator, 21 Savage;2022;6;10
814;Potion (with Dua Lipa & Young Thug);Calvin Harris, Dua Lipa, Young Thug;2022;5;27
815;Born Singer;BTS;2022;6;10
816;Little Freak;Harry Styles;2022;5;20
817;La Llevo Al Cielo (Ft. ï¿½ï¿½engo F;Nengo Flow, Anuel Aa, Chris Jedi, Chencho Corleone;2022;5;20
818;True Love;Kanye West, XXXTENTACION;2022;5;27
819;Satellite;Harry Styles;2022;5;20
820;Pass The Dutchie;Musical Youth;1982;1;1
821;Love Of My Life;Harry Styles;2022;5;20
822;Grapejuice;Harry Styles;2022;5;20
823;So Good;Halsey;2022;6;9
824;Belly Dancer;BYOR, Imanbek;2022;2;18
825;Keep Driving;Harry Styles;2022;5;20
826;Cinema;Harry Styles;2022;5;20
827;Die Young (feat. 347aidan);Sleepy hallow, 347aidan;2022;5;25
828;Only Love Can Hurt Like This;Paloma Faith;2014;1;1
829;Hold My Hand;Lady Gaga;2022;5;3
830;Daydreaming;Harry Styles;2022;5;20
831;Numb;Marshmello, Khalid;2022;6;10
832;Nos Comemos (feat. Ozuna);Ozuna, Tiago pzk;2022;6;2
833;Me and Your Mama;Childish Gambino;2016;11;10
834;Crazy What Love Can Do;David Guetta, Ella Henderson, Becky Hill;2022;3;18
835;SLOW DANCING IN THE DARK;Joji;2018;9;12
836;Antes de Perderte;Duki;2022;6;2
837;Boyfriends;Harry Styles;2022;5;20
838;295;Sidhu Moose Wala;2021;5;15
839;Tak Ingin Usai;Keisya Levronka;2022;5;13
840;En El Radio Un Cochinero;Victor Cibrian;2022;5;13
841;Master of Puppets (Remastered);Metallica;1986;3;3
842;BREAK MY SOUL;Beyoncï¿;2022;6;21
843;ULTRA SOLO REMIX;De La Ghetto, Feid, Polima WestCoast, Paloma Mami, Pailita;2022;6;16
844;Massive;Drake;2022;6;17
845;Betty (Get Money);Yung Gravy;2022;6;10
846;Ojos Marrones;Lasso;2022;2;6
847;POP!;Nayeon;2022;6;24
848;Layla;Schï¿½ï¿½rze, DJ R;2022;3;24
849;MORE;j-hope;2022;7;1
850;Sweet Child O' Mine;Guns N' Roses;1987;1;1
851;Last Last;Burna Boy;2022;5;12
852;SNAP;Rosa Linn;2022;3;19
853;Sticky;Drake;2022;6;17
854;Hot Shit (feat. Ye & Lil Durk);Kanye West, Lil Durk, Cardi B;2022;7;1
855;Ai Preto;L7nnon, DJ Biel do Furduncinho, Bianca;2022;6;3
856;La Loto;Anitta, Tini, Becky G;2022;7;6
857;die first;Nessa Barrett;2022;6;24
858;Afraid To Feel;LF System;2022;5;2
859;Baile no Morro;Mc Vitin Da Igrejinha, MC Tairon, DJ Win;2022;6;10
860;cï¿½ï¿½mo dormi;Rels B;2022;8;4
861;Bad Decisions (with BTS & Snoop Dogg);Snoop Dogg, BTS, Benny Blanco;2022;8;5
862;STAYING ALIVE (feat. Drake & Lil Baby);Drake, DJ Khaled, Lil Baby;2022;8;5
863;Caile;Luar La L;2020;12;18
864;Si Te La Encuentras Por Ahï¿;Feid;2022;8;5
865;GIVENCHY;Duki;2022;7;20
866;ALIEN SUPERSTAR;Beyoncï¿;2022;7;29
867;Mary On A Cross;Ghost;2019;9;13
868;Attention;NewJeans;2022;8;1
869;THE SHADE;Rex Orange County;2022;3;11
870;"Come Back Home - From ""Purple Hearts""";Sofia Carson;2022;7;12
871;El Rescate;Grupo Marca Registrada, Junior H;2022;7;22
872;Heartless;Kanye West;2008;1;1
873;Siempre Pendientes;Peso Pluma, Luis R Conriquez;2022;8;15
874;JGL;Luis R Conriquez, La Adictiva;2022;2;18
875;Don't You Worry;David Guetta, Shakira, Black Eyed Peas;2022;6;16
876;Pipoco;Melody, Ana Castela, Dj Chris No Beat;2022;5;20
877;Hold Me Closer;Elton John, Britney Spears;2017;11;10
878;Forget Me;Lewis Capaldi;2022;9;9
879;After LIKE;IVE;2022;8;22
880;Bound 2;Kanye West;2013;1;1
881;B.O.T.A. (Baddest Of Them All) - Edit;Interplanetary Criminal, Eliza Rose;2022;6;15
882;Talk that Talk;TWICE;2022;8;26
883;BILLIE EILISH.;Armani White;2022;1;20
884;Ferxxo 100;Feid;2022;6;3
885;KU LO SA - A COLORS SHOW;Oxlade;2022;6;10
886;Prohibidox;Feid;2022;9;13
887;Static;Steve Lacy;2022;7;15
888;The Scientist;Coldplay;2002;8;5
889;Sparks;Coldplay;2000;7;10
890;Talk;YEAT;2022;9;2
891;XQ Te Pones Asï¿;Yandel, Feid;2022;9;13
892;Selfish;PnB Rock;2016;6;23
893;Sin Seï¿½ï;Ovy On The Drums, Quevedo;2022;7;22
894;Lady Mi Amor;Feid;2022;9;13
895;Poland;Lil Yachty;2022;6;23
896;THE LONELIEST;Mï¿½ï¿½ne;2022;10;7
897;Bye Bye;Marshmello, Juice WRLD;2022;10;14
898;BABY OTAKU;Fran C, Polima WestCoast, Nickoog Clk, Pablito Pesadilla;2022;8;18
899;Nxde;(G)I-DLE;2022;10;17
900;Miss You;Southstar;1982;5;16
901;we fell in love in october;girl in red;2018;11;21
902;2 Be Loved (Am I Ready);Lizzo;2022;7;14
903;Celestial;Ed Sheeran;2022;9;29
904;Typa Girl;BLACKPINK;2022;9;16
905;I Really Want to Stay at Your House;Rosa Walton, Hallie Coggins;2020;12;18
906;California Breeze;Lil Baby;2022;10;14
907;Bamba (feat. Aitch & BIA);Luciano, Aitch, Bï¿½;2022;9;22
908;Casei Com a Putaria;MC Ryan SP, Love Funk, Mc Paiva ZS;2022;7;1
909;Major Distribution;Drake, 21 Savage;2022;11;4
910;Pussy & Millions (feat. Travis Scott);Drake, Travis Scott, 21 Savage;2022;11;4
911;Vigilante Shit;Taylor Swift;2022;10;21
912;Question...?;Taylor Swift;2022;10;21
913;On BS;Drake, 21 Savage;2022;11;4
914;Mastermind;Taylor Swift;2022;10;21
915;Circo Loco;Drake, 21 Savage;2022;11;4
916;Labyrinth;Taylor Swift;2022;10;21
917;Spin Bout U;Drake, 21 Savage;2022;11;4
918;Sweet Nothing;Taylor Swift;2022;10;21
919;Con La Brisa;Ludwig Goransson, Foudeqush;2022;11;4
920;Privileged Rappers;Drake, 21 Savage;2022;11;4
921;The Astronaut;Jin;2022;10;28
922;BackOutsideBoyz;Drake;2022;11;4
923;Broke Boys;Drake, 21 Savage;2022;11;4
924;The Great War;Taylor Swift;2022;10;21
925;My Mind & Me;Selena Gomez;2022;11;3
926;Bigger Than The Whole Sky;Taylor Swift;2022;10;21
927;A Veces (feat. Feid);Feid, Paulo Londra;2022;11;3
928;En La De Ella;Feid, Sech, Jhayco;2022;10;20
929;Alone;Burna Boy;2022;11;4
